-- MySQL dump 10.13  Distrib 8.0.23, for Linux (x86_64)
--
-- Host: localhost    Database: nobi_test
-- ------------------------------------------------------
-- Server version	8.0.23-0ubuntu0.20.04.1

/*!40101 SET @OLD_CHARACTER_SET_CLIENT=@@CHARACTER_SET_CLIENT */;
/*!40101 SET @OLD_CHARACTER_SET_RESULTS=@@CHARACTER_SET_RESULTS */;
/*!40101 SET @OLD_COLLATION_CONNECTION=@@COLLATION_CONNECTION */;
/*!50503 SET NAMES utf8 */;
/*!40103 SET @OLD_TIME_ZONE=@@TIME_ZONE */;
/*!40103 SET TIME_ZONE='+00:00' */;
/*!40014 SET @OLD_UNIQUE_CHECKS=@@UNIQUE_CHECKS, UNIQUE_CHECKS=0 */;
/*!40014 SET @OLD_FOREIGN_KEY_CHECKS=@@FOREIGN_KEY_CHECKS, FOREIGN_KEY_CHECKS=0 */;
/*!40101 SET @OLD_SQL_MODE=@@SQL_MODE, SQL_MODE='NO_AUTO_VALUE_ON_ZERO' */;
/*!40111 SET @OLD_SQL_NOTES=@@SQL_NOTES, SQL_NOTES=0 */;

--
-- Table structure for table `migrations`
--

DROP TABLE IF EXISTS `migrations`;
/*!40101 SET @saved_cs_client     = @@character_set_client */;
/*!50503 SET character_set_client = utf8mb4 */;
CREATE TABLE `migrations` (
  `id` int unsigned NOT NULL AUTO_INCREMENT,
  `migration` varchar(255) COLLATE utf8mb4_unicode_ci NOT NULL,
  `batch` int NOT NULL,
  PRIMARY KEY (`id`)
) ENGINE=InnoDB AUTO_INCREMENT=4 DEFAULT CHARSET=utf8mb4 COLLATE=utf8mb4_unicode_ci;
/*!40101 SET character_set_client = @saved_cs_client */;

--
-- Dumping data for table `migrations`
--

LOCK TABLES `migrations` WRITE;
/*!40000 ALTER TABLE `migrations` DISABLE KEYS */;
INSERT INTO `migrations` VALUES (1,'2014_10_12_000000_create_users_table',1),(2,'2021_03_14_065701_create_net_assets_table',1),(3,'2021_03_14_070249_create_transactions_table',1);
/*!40000 ALTER TABLE `migrations` ENABLE KEYS */;
UNLOCK TABLES;

--
-- Table structure for table `net_assets`
--

DROP TABLE IF EXISTS `net_assets`;
/*!40101 SET @saved_cs_client     = @@character_set_client */;
/*!50503 SET character_set_client = utf8mb4 */;
CREATE TABLE `net_assets` (
  `id` bigint unsigned NOT NULL AUTO_INCREMENT,
  `nab` double unsigned NOT NULL,
  `current_amount` double unsigned NOT NULL,
  `created_at` timestamp NULL DEFAULT NULL,
  `updated_at` timestamp NULL DEFAULT NULL,
  PRIMARY KEY (`id`)
) ENGINE=InnoDB AUTO_INCREMENT=14 DEFAULT CHARSET=utf8mb4 COLLATE=utf8mb4_unicode_ci;
/*!40101 SET character_set_client = @saved_cs_client */;

--
-- Dumping data for table `net_assets`
--

LOCK TABLES `net_assets` WRITE;
/*!40000 ALTER TABLE `net_assets` DISABLE KEYS */;
INSERT INTO `net_assets` VALUES (1,1,27500,'2021-03-15 07:47:45','2021-03-15 07:47:45'),(2,0.0682,37500,'2021-03-15 08:06:42','2021-03-15 08:06:42'),(3,0.4545,250000,'2021-03-15 08:07:10','2021-03-15 08:07:10'),(4,2.8182,1550000,'2021-03-15 08:07:34','2021-03-15 08:07:34'),(5,0.1025,285000000,'2021-03-15 09:53:41','2021-03-15 09:53:41'),(6,102465.2374,285000000777588,'2021-03-15 09:53:45','2021-03-15 09:53:45'),(7,1.0247,2850000007,'2021-03-15 09:53:49','2021-03-15 09:53:49'),(8,102.4652,285000000712,'2021-03-15 09:53:56','2021-03-15 09:53:56'),(9,10.2465,28500000071,'2021-03-15 09:53:59','2021-03-15 09:53:59'),(10,1.0247,2850000002,'2021-03-15 09:54:03','2021-03-15 09:54:03'),(11,10.2465,28500000025,'2021-03-15 09:54:06','2021-03-15 09:54:06'),(12,1.7437,4850000002,'2021-03-15 09:54:11','2021-03-15 09:54:11'),(13,3.1818,8850000002,'2021-03-15 09:54:14','2021-03-15 09:54:14');
/*!40000 ALTER TABLE `net_assets` ENABLE KEYS */;
UNLOCK TABLES;

--
-- Table structure for table `transactions`
--

DROP TABLE IF EXISTS `transactions`;
/*!40101 SET @saved_cs_client     = @@character_set_client */;
/*!50503 SET character_set_client = utf8mb4 */;
CREATE TABLE `transactions` (
  `id` bigint unsigned NOT NULL AUTO_INCREMENT,
  `user_id` bigint unsigned NOT NULL,
  `type` varchar(255) COLLATE utf8mb4_unicode_ci NOT NULL,
  `amount` bigint unsigned NOT NULL,
  `unit_value` double NOT NULL,
  `total_unit_value` double NOT NULL,
  `total_balance` double NOT NULL,
  `created_at` timestamp NULL DEFAULT NULL,
  `updated_at` timestamp NULL DEFAULT NULL,
  PRIMARY KEY (`id`),
  KEY `transactions_user_id_foreign` (`user_id`),
  CONSTRAINT `transactions_user_id_foreign` FOREIGN KEY (`user_id`) REFERENCES `users` (`id`) ON DELETE CASCADE
) ENGINE=InnoDB AUTO_INCREMENT=48 DEFAULT CHARSET=utf8mb4 COLLATE=utf8mb4_unicode_ci;
/*!40101 SET character_set_client = @saved_cs_client */;

--
-- Dumping data for table `transactions`
--

LOCK TABLES `transactions` WRITE;
/*!40000 ALTER TABLE `transactions` DISABLE KEYS */;
INSERT INTO `transactions` VALUES (1,1,'topup',250000,250000,250000,250000,'2021-03-15 08:03:58','2021-03-15 08:03:58'),(3,1,'topup',300000,300000,550000,550000,'2021-03-15 08:06:26','2021-03-15 08:06:26'),(5,1,'topup',300000,106450.9261,656450.9261,1850009.9999,'2021-03-15 08:13:55','2021-03-15 08:13:55'),(6,1,'topup',250000,88709.1051,745160.0312,2100009.9999,'2021-03-15 08:14:18','2021-03-15 08:14:18'),(7,1,'topup',23500,8338.6559,753498.6871,2123510,'2021-03-15 08:15:02','2021-03-15 08:15:02'),(8,1,'topup',23500,8338.6559,761837.343,2147010,'2021-03-15 08:16:16','2021-03-15 08:16:16'),(9,1,'topup',23500,8338.6559,770175.9989,2170510.0001,'2021-03-15 08:16:18','2021-03-15 08:16:18'),(10,1,'withdraw',15000,5322.5463,764853.4526,2155510.0001,'2021-03-15 08:55:59','2021-03-15 08:55:59'),(11,1,'withdraw',15000,5322.5463,759530.9063,2140510.0001,'2021-03-15 08:56:03','2021-03-15 08:56:03'),(12,2,'topup',212500,75402.7393,75402.7393,212499.9999,'2021-03-15 09:52:34','2021-03-15 09:52:34'),(13,2,'topup',272500,96692.9246,172095.6639,485000,'2021-03-15 09:52:40','2021-03-15 09:52:40'),(14,2,'topup',123122500,43688347.172,43860442.8359,123607500.0001,'2021-03-15 09:52:43','2021-03-15 09:52:43'),(15,2,'topup',12762500,4528599.8155,48389042.6514,136370000.0002,'2021-03-15 09:52:57','2021-03-15 09:52:57'),(16,3,'topup',26762500,9496309.7012,9496309.7012,26762499.9999,'2021-03-15 09:53:02','2021-03-15 09:53:02'),(17,4,'topup',2676271239,949638506.4935,949638506.4935,2676271239,'2021-03-15 09:53:10','2021-03-15 09:53:10'),(18,5,'topup',2136271239,758026839.472,758026839.472,2136271239,'2021-03-15 09:53:17','2021-03-15 09:53:17'),(19,6,'topup',2136271239,758026839.472,758026839.472,2136271239,'2021-03-15 09:53:21','2021-03-15 09:53:21'),(20,6,'topup',706271239,250610758.2854,1008637597.7574,2842542477.9999,'2021-03-15 09:53:25','2021-03-15 09:53:25'),(21,7,'topup',18271239,6483301.0432,6483301.0432,18271238.9999,'2021-03-15 09:53:32','2021-03-15 09:53:32'),(22,7,'topup',18271239,5742422.2138,12225723.257,38899806.2591,'2021-03-15 09:54:20','2021-03-15 09:54:20'),(23,7,'topup',18271239,5742422.2138,17968145.4708,57171045.259,'2021-03-15 09:54:21','2021-03-15 09:54:21'),(24,8,'topup',18271239,5742422.2138,5742422.2138,18271238.9999,'2021-03-15 09:54:25','2021-03-15 09:54:25'),(25,10,'topup',18271239,5742422.2138,5742422.2138,18271238.9999,'2021-03-15 09:54:28','2021-03-15 09:54:28'),(26,11,'topup',18271239,5742422.2138,5742422.2138,18271238.9999,'2021-03-15 09:54:30','2021-03-15 09:54:30'),(27,12,'topup',18271239,5742422.2138,5742422.2138,18271238.9999,'2021-03-15 09:54:34','2021-03-15 09:54:34'),(28,13,'topup',18271239,5742422.2138,5742422.2138,18271238.9999,'2021-03-15 09:54:39','2021-03-15 09:54:39'),(29,14,'topup',18271239,5742422.2138,5742422.2138,18271238.9999,'2021-03-15 09:54:43','2021-03-15 09:54:43'),(30,15,'topup',18271239,5742422.2138,5742422.2138,18271238.9999,'2021-03-15 09:54:45','2021-03-15 09:54:45'),(31,16,'topup',18271239,5742422.2138,5742422.2138,18271238.9999,'2021-03-15 09:54:48','2021-03-15 09:54:48'),(32,17,'topup',18271239,5742422.2138,5742422.2138,18271238.9999,'2021-03-15 09:54:51','2021-03-15 09:54:51'),(33,18,'topup',18271239,5742422.2138,5742422.2138,18271238.9999,'2021-03-15 09:54:54','2021-03-15 09:54:54'),(34,19,'topup',18271239,5742422.2138,5742422.2138,18271238.9999,'2021-03-15 09:54:56','2021-03-15 09:54:56'),(35,20,'topup',18271239,5742422.2138,5742422.2138,18271238.9999,'2021-03-15 09:54:58','2021-03-15 09:54:58'),(36,21,'topup',18271239,5742422.2138,5742422.2138,18271238.9999,'2021-03-15 09:55:00','2021-03-15 09:55:00'),(37,22,'topup',18271239,5742422.2138,5742422.2138,18271238.9999,'2021-03-15 09:55:03','2021-03-15 09:55:03'),(38,26,'topup',18271239,5742422.2138,5742422.2138,18271238.9999,'2021-03-15 09:55:09','2021-03-15 09:55:09'),(39,1,'withdraw',23000,7228.6127,752302.2936,2393675.4378,'2021-03-15 09:57:19','2021-03-15 09:57:19'),(40,1,'withdraw',1000,314.2875,751988.0061,2392675.4378,'2021-03-15 09:57:27','2021-03-15 09:57:27'),(41,1,'withdraw',1000,314.2875,751673.7186,2391675.4378,'2021-03-15 09:57:30','2021-03-15 09:57:30'),(42,1,'withdraw',1000,314.2875,751359.4311,2390675.4379,'2021-03-15 09:57:34','2021-03-15 09:57:34'),(43,1,'withdraw',1000,314.2875,751045.1436,2389675.4379,'2021-03-15 09:57:36','2021-03-15 09:57:36'),(44,1,'withdraw',1000,314.2875,750730.8561,2388675.4379,'2021-03-15 09:57:37','2021-03-15 09:57:37'),(45,1,'withdraw',1000,314.2875,750416.5686,2387675.438,'2021-03-15 09:57:38','2021-03-15 09:57:38'),(46,1,'withdraw',1000,314.2875,750102.2811,2386675.438,'2021-03-15 09:57:39','2021-03-15 09:57:39'),(47,1,'withdraw',1000,314.2875,749787.9936,2385675.438,'2021-03-15 09:57:40','2021-03-15 09:57:40');
/*!40000 ALTER TABLE `transactions` ENABLE KEYS */;
UNLOCK TABLES;

--
-- Table structure for table `users`
--

DROP TABLE IF EXISTS `users`;
/*!40101 SET @saved_cs_client     = @@character_set_client */;
/*!50503 SET character_set_client = utf8mb4 */;
CREATE TABLE `users` (
  `id` bigint unsigned NOT NULL AUTO_INCREMENT,
  `name` varchar(255) COLLATE utf8mb4_unicode_ci NOT NULL,
  `username` varchar(255) COLLATE utf8mb4_unicode_ci NOT NULL,
  `total_unit` double NOT NULL DEFAULT '0',
  `created_at` timestamp NULL DEFAULT NULL,
  `updated_at` timestamp NULL DEFAULT NULL,
  `deleted_at` timestamp NULL DEFAULT NULL,
  PRIMARY KEY (`id`),
  UNIQUE KEY `users_username_unique` (`username`)
) ENGINE=InnoDB AUTO_INCREMENT=27 DEFAULT CHARSET=utf8mb4 COLLATE=utf8mb4_unicode_ci;
/*!40101 SET character_set_client = @saved_cs_client */;

--
-- Dumping data for table `users`
--

LOCK TABLES `users` WRITE;
/*!40000 ALTER TABLE `users` DISABLE KEYS */;
INSERT INTO `users` VALUES (1,'Aziz','abdulazizpr134',749787.9936,'2021-03-15 07:42:02','2021-03-15 09:57:40',NULL),(2,'user 1','user1',48389042.6514,'2021-03-15 09:49:03','2021-03-15 09:52:57',NULL),(3,'user 2','user2',9496309.7012,'2021-03-15 09:49:07','2021-03-15 09:53:02',NULL),(4,'user 3','user3',949638506.4935,'2021-03-15 09:49:12','2021-03-15 09:53:10',NULL),(5,'user 3','user4',758026839.472,'2021-03-15 09:49:16','2021-03-15 09:53:17',NULL),(6,'user 5','user5',1008637597.7574,'2021-03-15 09:49:26','2021-03-15 09:53:25',NULL),(7,'user 6','user6',17968145.4708,'2021-03-15 09:49:31','2021-03-15 09:54:21',NULL),(8,'user 6','user7',5742422.2138,'2021-03-15 09:49:34','2021-03-15 09:54:25',NULL),(9,'user 8','user8',0,'2021-03-15 09:49:42','2021-03-15 09:49:42',NULL),(10,'user 9','user9',5742422.2138,'2021-03-15 09:49:47','2021-03-15 09:54:28',NULL),(11,'user 10','user10',5742422.2138,'2021-03-15 09:49:53','2021-03-15 09:54:30',NULL),(12,'user 11','user11',5742422.2138,'2021-03-15 09:50:03','2021-03-15 09:54:34',NULL),(13,'user 12','user12',5742422.2138,'2021-03-15 09:50:07','2021-03-15 09:54:39',NULL),(14,'user 12','user13',5742422.2138,'2021-03-15 09:50:10','2021-03-15 09:54:43',NULL),(15,'user 13','user14',5742422.2138,'2021-03-15 09:50:17','2021-03-15 09:54:45',NULL),(16,'user 14','user15',5742422.2138,'2021-03-15 09:50:23','2021-03-15 09:54:48',NULL),(17,'user 16','user16',5742422.2138,'2021-03-15 09:50:35','2021-03-15 09:54:51',NULL),(18,'user 16','user17',5742422.2138,'2021-03-15 09:50:38','2021-03-15 09:54:54',NULL),(19,'user 18','user18',5742422.2138,'2021-03-15 09:50:44','2021-03-15 09:54:56',NULL),(20,'user 18','user19',5742422.2138,'2021-03-15 09:50:47','2021-03-15 09:54:58',NULL),(21,'user 20','user20',5742422.2138,'2021-03-15 09:50:53','2021-03-15 09:55:00',NULL),(22,'user 21','user21',5742422.2138,'2021-03-15 09:50:57','2021-03-15 09:55:03',NULL),(23,'user 22','user22',0,'2021-03-15 09:51:01','2021-03-15 09:51:01',NULL),(24,'user 23','user23',0,'2021-03-15 09:51:07','2021-03-15 09:51:07',NULL),(25,'user 24','user24',0,'2021-03-15 09:51:12','2021-03-15 09:51:12',NULL),(26,'user 25','user25',5742422.2138,'2021-03-15 09:51:17','2021-03-15 09:55:09',NULL);
/*!40000 ALTER TABLE `users` ENABLE KEYS */;
UNLOCK TABLES;
/*!40103 SET TIME_ZONE=@OLD_TIME_ZONE */;

/*!40101 SET SQL_MODE=@OLD_SQL_MODE */;
/*!40014 SET FOREIGN_KEY_CHECKS=@OLD_FOREIGN_KEY_CHECKS */;
/*!40014 SET UNIQUE_CHECKS=@OLD_UNIQUE_CHECKS */;
/*!40101 SET CHARACTER_SET_CLIENT=@OLD_CHARACTER_SET_CLIENT */;
/*!40101 SET CHARACTER_SET_RESULTS=@OLD_CHARACTER_SET_RESULTS */;
/*!40101 SET COLLATION_CONNECTION=@OLD_COLLATION_CONNECTION */;
/*!40111 SET SQL_NOTES=@OLD_SQL_NOTES */;

-- Dump completed on 2021-03-16  0:04:22
